<?xml version="1.0" encoding="UTF-8" ?>

<sourcemonitor_metrics>
  <project version="3.5">
    <project_name>reengg</project_name>
    <project_directory>F:\CodeLevelSecurity16Aug\CodeLevelSecurity\src</project_directory>
    <project_language>Java</project_language>
    <ignore_headers_footers>true</ignore_headers_footers>
    <export_raw_numbers>false</export_raw_numbers>
    <metric_names name_count="15">
      <metric_name id="M0" type="number">Lines</metric_name>
      <metric_name id="M1" type="number">Statements</metric_name>
      <metric_name id="M2" type="percent" divisor="M1">Percent Branch Statements</metric_name>
      <metric_name id="M3" type="number">Method Call Statements</metric_name>
      <metric_name id="M4" type="percent" divisor="M0">Percent Lines with Comments</metric_name>
      <metric_name id="M5" type="number">Classes and Interfaces</metric_name>
      <metric_name id="M6" type="ratio" divisor="M5">Methods per Class</metric_name>
      <metric_name id="M7" type="ratio" divisor="M6">Average Statements per Method</metric_name>
      <metric_name id="M8" type="string">Line Number of Most Complex Method</metric_name>
      <metric_name id="M9" type="string">Name of Most Complex Method</metric_name>
      <metric_name id="M10" type="maximum">Maximum Complexity</metric_name>
      <metric_name id="M11" type="string">Line Number of Deepest Block</metric_name>
      <metric_name id="M12" type="maximum">Maximum Block Depth</metric_name>
      <metric_name id="M13" type="average" values="block_depths">Average Block Depth</metric_name>
      <metric_name id="M14" type="average">Average Complexity</metric_name>
    </metric_names>
    <checkpoints checkpoint_count="1">
      <checkpoint checkpoint_name="Baseline" checkpoint_date="2006-12-27" ignore_blank_lines="true" modified_complexity="true">
        <files file_count="1">
          <file file_name="CodeLevelSecurity\NewIDE.java">
            <metrics metric_count="15">
              <metric id="M0">390</metric>
              <metric id="M1">310</metric>
              <metric id="M2">14.2</metric>
              <metric id="M3">234</metric>
              <metric id="M4">5.9</metric>
              <metric id="M5">2</metric>
              <metric id="M6">2.50</metric>
              <metric id="M7">51.60</metric>
              <metric id="M8">207</metric>
              <metric id="M9">NewIDE.actionPerformed()</metric>
              <metric id="M10">24</metric>
              <metric id="M11">429</metric>
              <metric id="M12">7</metric>
              <metric id="M13">3.32</metric>
              <metric id="M14">7.00</metric>
            </metrics>
            <block_depths depth_count="10">
              <block_depth level="0">19</block_depth>
              <block_depth level="1">34</block_depth>
              <block_depth level="2">86</block_depth>
              <block_depth level="3">17</block_depth>
              <block_depth level="4">53</block_depth>
              <block_depth level="5">49</block_depth>
              <block_depth level="6">51</block_depth>
              <block_depth level="7">2</block_depth>
              <block_depth level="8">0</block_depth>
              <block_depth level="9+">0</block_depth>
            </block_depths>
          </file>
        </files>
      </checkpoint>
    </checkpoints>
  </project>
</sourcemonitor_metrics>
